eid,subject,lab,start_time
01bed6c3-ad66-4821-8499-18d528a746b6,SH022,angelakilab,2021-08-19T12:42:13.099729
02233758-d8fe-42ef-b625-7aae42ea9316,SH022,angelakilab,2021-09-07T11:00:49.465272
04d456d9-b0f2-459c-bb65-03d0fe8d6e42,FMR031,angelakilab,2022-02-02T12:59:50.248540
04d7aac2-437b-4833-8628-ef31e0705f96,CSP031,angelakilab,2021-12-15T11:15:11.095117
04da27f3-a108-426c-a21e-9de05ff72725,SH023,angelakilab,2021-08-23T12:07:31.223660
0581c168-6003-4491-ab1b-386d63b53f56,CSP033,angelakilab,2022-01-10T12:36:13.551182
06cd617c-6bc4-4038-a7ac-fc7a2e1a17d3,NYU-56,angelakilab,2021-10-08T10:12:57.382842
075d6ef3-db02-4e87-8b55-3d3b80a33edd,SH025,angelakilab,2021-12-17T13:25:20.340804
083c32b9-690e-4874-845b-6477cd71b697,SH025,angelakilab,2021-12-09T14:05:10.192796
0a3664cb-e897-4545-ae59-a578c4d7e960,CSP031,angelakilab,2022-01-11T10:28:28.560116
0a91c714-734f-4754-bb3b-6ebd51de9367,CSP033,angelakilab,2022-01-21T11:36:26.844990
0aa1bf8a-f243-406e-8855-5bb7dbcc0f50,SH022,angelakilab,2021-08-18T12:38:51.262234
0b8f5ee2-e94c-4f11-912a-2cc005b331cd,SH026,angelakilab,2021-12-20T14:24:07.919881
0c50ce49-4792-41cb-850f-2eb49a68559a,NYU-57,angelakilab,2021-10-15T10:49:28
0c991593-0106-42f7-9beb-a5aa45370671,SH022,angelakilab,2021-08-27T10:34:31.164954
0da66d41-ef44-4913-bfb6-fd131b1c647e,FMR029,angelakilab,2021-07-28T10:30:39.845686
0f99a2b4-b96f-433b-8e51-96abc1cd6aed,CSP031,angelakilab,2022-01-13T12:52:07.579312
0fe7bdcb-3a0a-46c8-ba14-64523ab3dfed,CSP031,angelakilab,2021-12-07T10:58:24.468579
108d8570-f7a9-4590-854b-d7ec1b15a6a2,SH022,angelakilab,2021-09-10T10:43:30.151788
10a396c2-bcb4-4e74-b8fe-5af8439f6dbd,NYU-56,angelakilab,2021-10-07T10:38:03.316664
11135258-fdd2-45f2-99af-88f49134b0e5,FMR029,angelakilab,2021-09-09T09:23:41.144601
11b7479c-0a6a-4467-a358-f88e92701174,SH025,angelakilab,2022-01-11T11:17:59.338702
11e143a4-4908-4f4c-b4a1-dd76c4f64093,NYU-58,angelakilab,2021-10-27T11:02:29.947779
142103c1-c8dd-4a31-a7fe-44fd87d99a90,FMR029,angelakilab,2021-08-13T09:09:08.180400
1696f2c8-754a-43e1-aee8-bdb565b96708,SH027,angelakilab,2021-12-13T14:19:38.550205
185751e6-890e-4d91-b9a6-ad730136c215,SH026,angelakilab,2022-01-25T12:59:42.188954
18f8669e-e41d-4df5-88fc-9b8e9f658426,SH022,angelakilab,2021-09-09T10:33:27.075710
1be99039-1588-4619-b8b6-899a7fc2c1c8,SH023,angelakilab,2021-07-29T12:09:58.228407
1cb50234-bbee-423f-8b1b-a9eb161f7cc1,CSP031,angelakilab,2021-12-16T11:31:47.011301
1cd7c67c-6ab9-437c-9455-d2bf102e7a94,CSP032,angelakilab,2021-12-06T13:13:30.323518
1e0b8707-fa4d-445b-839b-81bf49d8e6c1,FMR030,angelakilab,2022-01-24T12:52:56.708794
1e1ae227-e008-4a63-9405-e3e57893c34e,FMR031,angelakilab,2022-02-24T10:58:49.226946
1f9827f4-c728-4442-b64c-8a91dd59d5d1,SH027,angelakilab,2022-01-18T11:54:15.297602
20254c34-8318-412b-8acb-070bc828a3ce,SH022,angelakilab,2021-08-10T11:41:39.688684
22fa19b0-eb08-4df2-ac26-184b2caa359b,NYU-56,angelakilab,2021-10-14T10:20:32.772964
23e87360-74bb-4062-abaa-50ed34291a31,SH023,angelakilab,2021-08-13T11:10:37.512254
280bf91c-2f9c-4f30-a0db-67a4974abbf5,SH020,angelakilab,2021-07-30T10:13:44.729539
28b34d7e-8f15-4eee-91bb-990bb4a183b0,SH022,angelakilab,2021-08-20T12:29:46.365381
29b1aab9-a9d9-4f7b-9d67-d0d113c0c21f,NYU-52,angelakilab,2021-07-27T11:33:45.350162
2a4757d7-f496-41bd-9b97-7a63afcdaef8,SH022,angelakilab,2021-08-26T10:51:38.164586
2aa97c12-3e08-49ca-8e4e-d90d5f650359,FMR032,angelakilab,2022-02-01T14:25:20.715064
2bc6792a-aad0-4036-af33-0c1a3bee8734,CSP033,angelakilab,2021-12-07T10:58:07.209587
2bdcd597-25b2-4849-b700-9603bfcce802,SH022,angelakilab,2021-09-17T09:15:24.150840
2bdfabc6-4974-45c6-af28-d34d61488005,FMR028,angelakilab,2021-07-27T09:30:11.277819
2d0615d8-a987-4be6-9a10-6c486f19d98d,FMR031,angelakilab,2022-02-07T12:25:48.060224
2d90c437-7156-4ca2-8c31-09b33b394aa2,CSP033,angelakilab,2021-12-13T11:26:34.794611
2e8d166d-b452-4fc8-b2a4-dddccd6059dd,SH024,angelakilab,2021-08-13T11:12:32.552821
2ead15cf-d42c-4217-beaf-ff9c75227bf7,SH023,angelakilab,2021-08-11T10:45:34.167375
2f5dd8d9-a9b2-4798-8133-b12ba4945b54,CSP031,angelakilab,2021-12-20T11:20:39.174908
2f6e0a7d-7559-4a5a-886c-321f12d4d91b,CSP032,angelakilab,2021-12-07T10:06:14.471710
2ff4cf09-ee67-4101-94ff-3b905409c887,SH020,angelakilab,2021-08-10T10:16:47.023609
3023be1c-f1bb-475e-b7d3-b162b5188593,FMR029,angelakilab,2021-08-31T09:01:16.977924
306598b8-dc2d-4e6d-adb0-c26ea752d263,FMR029,angelakilab,2021-07-23T10:12:49.724204
30eee67b-247a-4672-9377-a2fe2f049215,SH020,angelakilab,2021-07-28T10:27:37.976797
3193c922-d2ed-4dbf-bb16-54a15f45a2da,FMR029,angelakilab,2021-08-20T09:34:49.323637
31bb6b2d-f3f3-4025-a456-38c4b699a1b5,NYU-52,angelakilab,2021-07-30T12:20:54.457624
3273c651-ee3b-4a08-8190-4454b42caf95,NYU-58,angelakilab,2021-10-15T11:47:22.743616
32758209-bc28-4c86-a1c2-9007027dd76d,FMR032,angelakilab,2022-01-21T15:16:51.298895
3294bc1d-b3f3-4743-ab53-0cd3819cf4e2,FMR030,angelakilab,2022-02-08T10:04:53.412482
3308f682-dd2d-4b35-bcfa-2cb31428c7f5,SH022,angelakilab,2021-08-09T13:31:35.377232
33e30982-df38-432e-bd69-6fac1bf3d390,CSP031,angelakilab,2021-12-14T11:20:10.972294
33fd3408-abb9-45fe-8a9c-c69605f8a422,SH022,angelakilab,2021-09-02T10:54:06.784639
33ff9112-3e32-48e9-8935-7d76bd95939d,SH022,angelakilab,2021-07-29T12:09:43.182281
34657dc0-586c-46c3-a31a-f1545e51f4be,SH024,angelakilab,2021-07-23T11:42:38.290283
362acf30-95fc-45be-9e2e-ae3c4cb825a2,SH026,angelakilab,2022-01-21T12:30:04.332806
367a2174-82bf-4838-92e0-e0310684a5e5,FMR031,angelakilab,2022-02-28T11:48:58.187976
36caee6f-e8b9-47e8-89cb-9813b3ee1f49,FMR029,angelakilab,2021-08-16T10:01:56.895111
37bb170b-6002-482c-a6eb-287915db0568,NYU-56,angelakilab,2021-10-06T10:04:41.585972
3890e224-6320-49f3-b26c-adb33d332027,FMR028,angelakilab,2021-07-20T10:13:03.463349
39904321-1b23-4100-b6f7-72ae2a1b2730,CSP033,angelakilab,2021-12-17T13:24:01.876353
3a24c9ad-8316-4b8f-a2c7-4988fbba3414,SH026,angelakilab,2022-01-12T13:44:46.668621
3aaf6d52-970c-4f33-8ca3-fd3d2321b6a0,FMR030,angelakilab,2022-02-04T10:49:50.731268
3c89a22e-79a9-4a0d-b974-103738a80841,CSP033,angelakilab,2021-12-06T14:25:41.093370
3d6d11ed-f3e1-4327-bd49-75201a56351a,SH023,angelakilab,2021-07-23T11:42:43.984171
3ddd72f4-365f-4e55-b76b-25323ffcea2e,SH024,angelakilab,2021-08-18T12:41:16.708929
3df55217-1193-479d-aa84-2f1190f36c53,NYU-57,angelakilab,2021-10-01T13:27:51.243482
3e0b72c5-3dc7-4335-b65f-a625e3331e18,CSP031,angelakilab,2021-12-17T12:28:09.062380
3ead2743-b681-4826-8f62-79642f5c21f3,SH022,angelakilab,2021-09-03T11:01:17.918316
3f303cd1-8dda-481f-a89c-a8d1ac037cf7,CSP031,angelakilab,2022-01-12T11:30:09.428670
40cb2c1a-59a0-4739-9d91-990c073a3d2d,FMR030,angelakilab,2022-01-31T11:34:11.696351
423a2452-230f-4248-afa2-7401b6b28834,SH020,angelakilab,2021-08-12T09:47:18.454374
43958a20-7f2d-4f90-91f8-78c23dafa310,FMR030,angelakilab,2022-01-27T11:06:40.135610
445a66fc-e1f6-445a-a8ad-cd47e83c6b6a,CSP031,angelakilab,2022-01-10T11:27:03.953506
44da6191-961d-4756-ad24-cd9bcf5109aa,FMR032,angelakilab,2022-02-24T12:23:38.276507
454ad27f-037f-40c9-bdd0-a50df99582b5,FMR029,angelakilab,2021-08-11T09:54:49.158861
4562d5ff-1e2f-411a-be14-5f0408a49939,NYU-52,angelakilab,2021-07-23T13:00:01.855146
461e6579-2ed9-4e76-9a7e-cf7ae237ae97,SH025,angelakilab,2021-12-13T11:27:42.198127
46ac6f75-223d-4d26-8e61-24dc96263603,SH022,angelakilab,2021-09-13T10:37:46.124848
470baba6-f5e3-49ee-b42f-effc879f346a,FMR031,angelakilab,2022-02-22T13:56:37.663704
47c64a05-afb8-49f4-8e9e-da8bb789b118,NYU-57,angelakilab,2021-10-06T10:03:12.797033
48134bef-53de-4cd9-a68c-e32f663ab062,SH025,angelakilab,2022-01-12T12:27:43.905781
4ae1d094-bc63-4d94-b515-70b791f62f54,FMR030,angelakilab,2022-02-23T10:36:54.232173
4bf1f4e2-4bf0-4431-a464-163435554f22,FMR032,angelakilab,2022-02-28T11:54:31.279999
4d8ca010-872a-425f-a8b0-64458601e131,SH023,angelakilab,2021-08-12T10:52:51.977002
4e04862a-e1e8-4a20-8c43-e99317d811fd,SH027,angelakilab,2021-12-15T13:02:04.340906
4e131ebc-6216-4e94-99cc-8f9ea9469a0b,NYU-56,angelakilab,2021-09-30T13:32:28.682622
4e1d05da-6253-46fd-b8b1-d0eee7a6e152,SH024,angelakilab,2021-08-25T11:08:34.155294
4f118dec-002c-4938-a9d9-d39bfe3445a4,SH026,angelakilab,2021-12-15T13:00:49.793778
4fb259fa-a9e8-4a6b-bde0-1111b363d071,CSP031,angelakilab,2021-12-13T10:23:06.055870
517c8ee1-9671-4d91-ab29-f882a54e3954,SH022,angelakilab,2021-07-26T12:53:37.428458
51eba171-1df4-46c4-a691-73fcc9d772df,NYU-56,angelakilab,2021-10-01T13:27:03.112408
528472a0-e124-4afd-8b99-5f777387c57c,NYU-52,angelakilab,2021-07-28T12:21:45.495906
52cf2ea6-51a9-4981-8fbb-ffae7a6e6dca,FMR029,angelakilab,2021-08-25T10:15:12.063630
5359dddd-1a87-428b-a30d-7889ff579711,SH020,angelakilab,2021-08-09T12:15:59.151385
55bce4b7-dbc5-4eb6-b3fe-f84935cadeb1,NYU-56,angelakilab,2021-10-04T14:18:19.344015
5652786b-60a3-45ca-b0d7-3da5d93345aa,NYU-58,angelakilab,2021-10-14T11:32:46.455522
566c4f21-806d-4844-b260-fda4652c1162,NYU-58,angelakilab,2021-10-26T10:43:07.345968
56dcfed1-616b-4fbc-a82e-b072f0e3933e,FMR029,angelakilab,2021-07-30T10:11:41.775149
584a08ca-96d0-46e4-b0a1-2c578f8488fa,FMR032,angelakilab,2022-02-04T12:24:36.076565
5a4f7523-08ed-4ff4-8f60-ce4b2d858493,FMR032,angelakilab,2022-01-24T14:05:49.538534
5a7b3513-f029-4f95-9733-1cd1f2e2e383,NYU-56,angelakilab,2021-09-28T11:54:50.222836
5ad0803a-0eb7-4eb7-8423-a942166779fc,SH022,angelakilab,2021-09-14T10:27:05.732376
5bd42059-8d99-4bde-b2c5-949b2bd28e3a,SH020,angelakilab,2021-07-27T09:28:30.559764
5c50f15c-32df-476b-be16-18790ce25957,CSP031,angelakilab,2021-12-10T12:23:16.328905
5cc4a613-bb35-4509-a75a-7ea3e8bab1b7,FMR031,angelakilab,2022-02-11T12:48:23.806316
5d0940d7-a373-40d4-ae64-8db25f1756f7,NYU-56,angelakilab,2021-10-13T09:43:28.844442
5e851006-f65b-436f-b7b0-549413c3e3db,FMR030,angelakilab,2022-01-21T14:01:43.236382
5f68685e-3a00-42b4-b61e-e06062513f88,SH027,angelakilab,2021-12-21T15:22:05.450159
5ff21e75-432f-480b-83ad-aaab9b6971df,NYU-56,angelakilab,2021-10-05T10:17:56.078567
60671922-2d40-4398-9a2a-880794d78821,SH027,angelakilab,2022-01-19T12:32:00.966950
6207fa21-eb70-4491-a934-a70c898148c5,FMR029,angelakilab,2021-08-18T10:43:49.100892
629e5148-2e56-46c1-84c8-609209a13af2,SH026,angelakilab,2021-12-13T14:20:47.236599
63913f1d-c22a-4b07-adaf-9114da073f44,FMR029,angelakilab,2021-08-09T12:17:29.862354
643cd83e-2009-4d4b-98ad-d9a2182ca2b6,NYU-56,angelakilab,2021-10-15T10:47:36.690247
6616de77-80b6-4a6d-93e7-98e392bf0917,SH025,angelakilab,2021-12-21T14:19:56.812999
67009d07-538f-441b-b88b-7aeaa2c97a4e,CSP033,angelakilab,2021-12-08T11:00:40.450205
678a9523-5e47-4e5a-9d44-2ef4870780a1,SH025,angelakilab,2021-12-14T12:09:49.747880
6902dbed-df0d-452b-9cb4-11f2c93cafc2,SH022,angelakilab,2021-08-30T12:39:36.487579
6ad340a3-259f-45f7-8d3e-a556e0499ec1,SH022,angelakilab,2021-07-30T11:22:08.821887
6adf5733-43c0-4461-955a-4dae727a9a2b,CSP033,angelakilab,2022-01-11T11:19:23.506887
6ffe5a9f-3dca-4958-b39b-3eb26040f062,SH025,angelakilab,2021-12-15T12:11:55.283987
707a1c27-1bf1-4f86-8b5d-9d492f7b7434,SH020,angelakilab,2021-08-11T09:52:39.981319
71056e3b-e050-483e-9e47-579f132929e7,SH024,angelakilab,2021-08-24T11:12:40.363893
71639ac3-3a42-4964-af71-ecde0f308127,NYU-56,angelakilab,2021-10-11T11:16:09.660932
71ada2a6-3a81-41c6-b080-a88e5dcd8bd3,FMR030,angelakilab,2022-02-09T11:09:38.728109
71e2c8ac-5f3e-4a1e-a491-992161400b40,NYU-52,angelakilab,2021-07-22T11:36:45.886236
727946e7-81f9-4adb-9c7c-54e1e8ab59bc,SH022,angelakilab,2021-08-12T10:51:40.022446
72dfd2f6-cbe0-4728-866c-0c7589896d38,SH024,angelakilab,2021-08-11T10:46:38.390462
731d0b31-419e-4a77-a8ab-79d0442ef91e,FMR030,angelakilab,2022-01-28T12:53:53.859342
73392815-2c14-45a3-b24f-fe31537433b9,FMR029,angelakilab,2021-07-29T11:03:38.934341
73756f4a-3a9e-4d66-80f7-bc685f624c21,NYU-58,angelakilab,2021-10-21T11:33:33.497201
737b7f60-cd68-4102-ba4f-e7f4db883f0f,SH023,angelakilab,2021-07-26T12:54:57.378408
74634e19-7783-449a-8354-8f4fb0449c44,FMR030,angelakilab,2022-02-28T11:55:30.473370
752ba90b-5228-4879-88f9-8820fed8630d,FMR029,angelakilab,2021-08-27T09:34:14.422321
7596817f-64b1-4fe2-91e6-8553b14588f0,FMR029,angelakilab,2021-08-17T09:06:34.241550
75a43422-4d6c-44f9-a657-caf8831a3a47,SH026,angelakilab,2022-01-14T13:07:47.143756
76e1a772-615a-4d60-ba55-ace992c6e7e6,SH024,angelakilab,2021-08-09T13:32:27.768409
7a249154-d055-4b9b-aed2-e9ebc6000db5,SH022,angelakilab,2021-08-25T11:03:53.900150
7a25d2f1-e980-45b8-8ff0-f881e86d39fc,FMR032,angelakilab,2022-02-23T12:15:24.114748
7d845572-11db-402a-a671-5bb1f15c763b,SH026,angelakilab,2022-01-26T10:58:28.363014
7e2db0ca-8866-44eb-b717-ba7b0249741c,FMR030,angelakilab,2022-02-02T11:26:48.122506
7f2ae730-4375-4642-95e0-f30648bf980b,FMR031,angelakilab,2022-01-21T14:01:53.993745
7f8e997f-8aaf-48c9-b07f-45e8858c3467,FMR030,angelakilab,2022-02-24T10:57:36.508089
7fc19f0c-a09c-4a38-aaf6-d583fa0c86f4,FMR029,angelakilab,2021-08-23T10:43:03.090545
7ff1b1a2-de96-4207-a259-5b9e2b5e1151,SH020,angelakilab,2021-07-29T10:31:08.381662
8056a740-4361-4d7c-8671-81a6791ff3e4,CSP033,angelakilab,2021-12-09T11:28:27.155988
80587005-d5ba-4fcd-938b-c444046bc9ce,FMR029,angelakilab,2021-08-19T09:40:25.072548
80ae440e-53df-4c69-b2e0-8585a201df91,NYU-57,angelakilab,2021-10-14T10:21:18
8107a82d-35dc-4e8d-aca5-54c55ce9e1d0,SH026,angelakilab,2022-01-18T11:53:17.813102
8280a842-995e-4e87-9739-35d3a6a42e8a,SH023,angelakilab,2021-08-09T13:32:03.787366
829e9cf5-cd40-42eb-9c38-dfd9a6af6d0e,NYU-58,angelakilab,2021-10-28T10:35:27.536884
82ece92c-1f1e-4cb4-ab80-25a275c96394,FMR032,angelakilab,2022-02-07T12:26:43.153424
84389ba3-325a-4019-a149-6ef345fa370b,SH023,angelakilab,2021-08-24T11:11:35.767132
84eb845e-d88a-4921-8a1d-ffea98f5a6d0,FMR030,angelakilab,2022-01-26T12:17:25.578725
852196a0-bcf4-437c-9abb-8963342a72de,CSP033,angelakilab,2021-12-14T12:08:22.939200
86077942-1820-49f0-9c11-fe192e2194b2,CSP033,angelakilab,2022-01-24T10:43:53.542846
861c86ee-903a-4a7b-a71e-3da64b3b6f6a,SH027,angelakilab,2021-12-10T13:46:41.301092
863d55f8-abc9-4344-9b8a-0e0022fcf353,CSP033,angelakilab,2022-01-14T11:48:46.744124
86f5a08e-ebbb-4e29-8cf8-cbf644b0ca91,SH025,angelakilab,2021-12-08T12:12:04.031259
86fe5621-2c70-44a4-83ab-bc661c978821,FMR031,angelakilab,2022-01-27T12:00:35.431027
8730e37a-70db-4971-92a5-bd604ad39f50,SH023,angelakilab,2021-07-22T10:28:11.919807
87c3bc76-5a22-4fd8-a2ec-d28b880ff5f8,FMR031,angelakilab,2022-01-28T12:53:49.852750
8a95071f-bafd-446c-80b2-1ee3669ae2a7,SH022,angelakilab,2021-08-24T11:10:33.969673
8aa938ee-0174-476f-945a-b143519ca72e,NYU-57,angelakilab,2021-09-27T14:01:35.604133
8b8a2db8-aa21-4597-a176-1344da6e9f22,SH022,angelakilab,2021-07-28T11:18:37.385893
8c814f9f-a3db-430d-be31-38a5a46174bd,FMR028,angelakilab,2021-07-23T10:14:44.577407
8cf4d774-b37c-4e92-a6e0-fa4cb6fdae5c,FMR029,angelakilab,2021-07-22T09:21:02.343609
8d61d052-754b-45a8-b66c-01821a289901,FMR029,angelakilab,2021-07-26T10:04:28.653935
8e049eb2-8319-41e2-b49e-e2485e7416a6,CSP033,angelakilab,2021-12-15T12:09:12.652007
8e76f3d3-b9df-43c2-a825-4a5871965189,CSP032,angelakilab,2021-12-09T10:32:24.550205
8ed3bef2-745e-4510-9a7c-22e95f3f79ed,SH025,angelakilab,2022-01-10T12:34:58.248343
8f1cc7f3-fa5b-4623-a0c3-f0f2ea210166,NYU-58,angelakilab,2021-10-18T10:54:51.036592
8f203eba-7fc9-4e11-aea3-d1814ea5ddb2,NYU-57,angelakilab,2021-10-08T10:14:21.408475
8fb4c138-abcc-4c5e-9479-8fa5de8a0119,NYU-57,angelakilab,2021-10-11T11:17:03.971323
8fcea0f4-efe6-40f6-bf13-0d4bcdb26be5,SH027,angelakilab,2021-12-20T14:24:09.808194
9140890c-7514-4f80-be2d-1c80598b4879,SH027,angelakilab,2022-01-13T15:02:32.727203
93633505-4f8e-4ea6-ab1f-ee69202e4d13,SH025,angelakilab,2021-12-20T12:57:44.112098
94cf4399-6c80-47e4-94d8-6808b33e37e1,NYU-52,angelakilab,2021-07-26T13:50:41.230088
94dfc1c9-63a6-40b6-92cb-c4efea78539f,FMR031,angelakilab,2022-02-01T13:01:13.593005
95279d4c-d324-47e7-ae01-98309ec26423,SH023,angelakilab,2021-07-27T10:22:11.120970
95371d70-f493-4901-bda3-1d85f615c4ed,SH024,angelakilab,2021-08-12T10:53:58.708870
95984c73-cb7e-44b9-9959-823d34cffeaf,FMR030,angelakilab,2022-02-03T10:50:44.320340
976b36d0-bb89-4766-af74-61fc16a1f9c4,SH023,angelakilab,2021-08-18T12:40:21.459581
979b19f6-19e1-4ce1-a17d-d957d95425be,SH025,angelakilab,2021-12-16T12:27:06.421887
98f162a5-4a06-4b12-807a-594e8cf453df,SH022,angelakilab,2021-08-11T10:45:34.123382
990d9d18-6731-4268-a97a-8b9ccbb6ab67,FMR029,angelakilab,2021-09-03T09:50:24.510886
993eb0bd-27f3-4e6d-bfda-6460b1792091,SH024,angelakilab,2021-08-23T12:08:50.456329
99757869-3dc1-4872-9b5b-fef1bd2c959a,FMR029,angelakilab,2021-09-01T09:41:52.312413
9ae1c737-e0ca-4eed-b133-c63695a10590,SH026,angelakilab,2022-01-19T12:31:05.287875
9bac58c9-f1a2-47dc-bfeb-857b7ede57e7,FMR029,angelakilab,2021-09-07T10:01:37.835395
9c411df1-dc15-4b35-a63f-188dbbf8772b,FMR028,angelakilab,2021-07-29T10:32:12.894534
9cbc235e-a350-4d60-968c-2c18e8ef262e,FMR029,angelakilab,2021-08-30T10:58:45.973284
9daf1e80-3732-4285-a245-659550dd711a,CSP033,angelakilab,2022-01-12T12:26:22.770629
9dfddf18-f154-45ab-8e93-82c806da6ff6,CSP033,angelakilab,2022-01-18T10:47:44.327459
9e5f788b-affb-42a6-8565-f459bc188379,SH024,angelakilab,2021-08-10T11:44:14.442455
9f760d1d-969e-438d-b388-b3932249516f,SH020,angelakilab,2021-07-26T09:59:53.729012
9ff58f5f-ca47-4cd4-9919-f6971a928391,FMR030,angelakilab,2022-02-22T12:01:35.740732
a2003cda-f332-409d-8203-0ba7db35ba9b,CSP031,angelakilab,2022-01-14T10:41:03.371738
a2113640-0d58-4beb-927c-12a979641da7,FMR029,angelakilab,2021-09-08T10:53:53.591537
a232820b-3721-4d51-bc39-cb9fc99e7d98,FMR029,angelakilab,2021-08-24T09:39:05.022297
a2d0f428-25c7-45e7-81e9-abb1cfdde680,NYU-57,angelakilab,2021-10-07T10:39:29.464563
a5274716-17ec-4d54-9510-7345b92123e0,SH026,angelakilab,2022-01-11T12:17:07.437921
a52d0239-e578-4d59-a0d4-63858de3939d,FMR032,angelakilab,2022-02-22T13:58:56.533039
a552a3fc-aca8-4fcf-9128-69b733538de0,NYU-57,angelakilab,2021-09-28T11:56:25.601349
a7889073-0792-4846-8600-64e41774528c,FMR029,angelakilab,2021-08-26T09:46:19.497771
a81a0e48-6d64-458e-adea-986ee8e95aea,NYU-57,angelakilab,2021-10-05T10:16:45.311152
a831a67f-268d-43ff-bc34-d0c631051da1,FMR030,angelakilab,2022-02-11T11:11:14.819519
aaad4850-ddbd-4c16-80cf-f230c82655b6,SH026,angelakilab,2021-12-16T13:21:12.680846
ac27f91e-d539-4847-8916-76efbdbb7c86,SH026,angelakilab,2021-12-08T13:55:23.580264
ac5b0fca-81f3-4c0d-b959-a8edae295ec8,NYU-52,angelakilab,2021-07-21T11:00:24.400774
ac6c9313-077e-43c6-bcc4-79ee91bc9621,NYU-58,angelakilab,2021-10-12T11:18:23.091278
ad00a36f-8ff7-4c54-b832-f459cc6e5dfd,CSP031,angelakilab,2021-12-08T10:59:23.110469
ae2b1cae-f747-4b24-a052-b45eddef1357,NYU-57,angelakilab,2021-09-29T10:58:17.339022
ae580426-e0d1-4712-9581-804528888e82,SH024,angelakilab,2021-08-17T11:31:54.195446
af0b43ee-0bde-4cc3-a78f-18631e8b4816,CSP031,angelakilab,2021-12-06T13:13:41.195394
af2f0283-0abe-40a8-906e-1b0a528a021e,SH027,angelakilab,2021-12-16T13:22:29.478574
b06d80f9-e012-4e12-bb3d-5fa0dab3a481,FMR030,angelakilab,2022-01-25T14:56:29.887448
b111e1a0-7751-42fa-b2f7-31e06ad05369,SH026,angelakilab,2021-12-10T13:45:42.992173
b12544f8-a6ee-494c-b47f-d44d1d0197fb,SH025,angelakilab,2022-01-14T11:49:49.046084
b17d4836-654d-4a40-afc0-f3d21744ab45,NYU-57,angelakilab,2021-10-04T14:19:08.307863
b268b3e8-6c8e-4f94-8101-c2540e25c4a2,SH023,angelakilab,2021-08-25T11:04:44.114233
b2ae940c-836c-4683-81cf-dca57bdbe38b,SH023,angelakilab,2021-08-10T11:43:06.087425
b2c79a91-ab19-49a9-9e4e-11c8ac643705,NYU-58,angelakilab,2021-10-13T11:14:46.021446
b3940a72-7100-449b-a7a6-0b6f7a5c8272,CSP033,angelakilab,2022-01-25T11:24:03.273475
b3b52dca-249d-4c53-a2fe-c7647bb65b2f,NYU-52,angelakilab,2021-07-29T13:20:25.346071
b48f0b87-f8b5-4786-97c8-239c2d70b2b8,FMR032,angelakilab,2022-02-11T12:47:38.772836
ba3c05fa-80e6-45ac-bdbb-3a567dfd5216,SH026,angelakilab,2022-01-13T15:00:59.268665
bb09d92c-7968-479a-af67-0ffcddc7e847,FMR028,angelakilab,2021-07-28T10:28:46.077300
bc02b754-8c17-4a1d-9368-d3d642e9a423,SH022,angelakilab,2021-08-31T09:51:08.993654
bc85e9dd-20ce-4536-b713-ebdf2c31ca61,FMR030,angelakilab,2022-02-10T10:42:12.124885
bce09223-537c-4bff-97b9-c0735dee945f,CSP032,angelakilab,2021-12-08T10:02:15.923843
bd7a82b8-a96a-4826-af33-e8220a7ed67e,FMR031,angelakilab,2022-01-24T12:53:52.327286
be89fcd8-4149-4586-8fef-32689c4a923e,FMR031,angelakilab,2022-02-09T12:49:39.745991
bee8539b-3c0e-4da3-b124-3332a51cade5,NYU-58,angelakilab,2021-10-20T10:54:54.198864
c1d36966-198c-42d3-b319-9cf78e15ca01,CSP033,angelakilab,2021-12-16T12:25:54.758785
c221d81f-ff43-4b94-98dc-410e6ad9468c,FMR029,angelakilab,2021-07-27T09:32:03.613111
c2a1fed3-21ef-4c51-8b4a-b526b0b74021,SH022,angelakilab,2021-07-22T10:27:59.243623
c41d2f92-a489-4fcd-a7b9-e4857815d975,CSP032,angelakilab,2021-12-10T11:14:43.516671
c541a28b-69a7-45a3-805f-cc7975cf2b84,SH027,angelakilab,2021-12-14T13:29:50.368257
c5adc445-b4ed-4b11-b8a6-b64b6bd32fc2,NYU-58,angelakilab,2021-10-11T12:59:15.899083
c66145c0-b66e-46d0-a183-473a97e8c883,SH027,angelakilab,2022-01-12T13:46:56.955067
c7027a86-4f9d-4b9b-9be0-555d300a7720,SH024,angelakilab,2021-07-28T11:21:45.869629
c868bdd1-9300-4f82-87db-710fbc934d78,SH026,angelakilab,2022-01-20T12:35:51.478839
c8823393-874e-4b68-9b33-fda70ddfc512,SH024,angelakilab,2021-07-22T10:29:56.831790
c8aa41ca-e292-45f5-b1a6-9e3250ff77de,SH020,angelakilab,2021-07-23T10:11:48.907693
c8ac73d5-61fe-49ec-b683-15265c7e0ca6,SH024,angelakilab,2021-07-29T12:11:21.210294
c8c6efba-3efa-4a27-a647-a5366aacd4b5,SH024,angelakilab,2021-07-26T12:56:19.012240
c8f70560-a913-4f93-8112-293bb15ecd28,SH026,angelakilab,2021-12-09T15:08:15.292380
c9052ae2-1784-41e4-8f85-8cbdb94fa767,FMR029,angelakilab,2021-09-02T09:44:33.650632
c91ae56a-3400-4f03-a54d-049a66a5508c,FMR031,angelakilab,2022-01-31T11:34:54.085209
c94124e8-f892-4bca-bd7e-60ffc4ccb61e,SH027,angelakilab,2022-01-10T13:35:32.314490
cb17149b-77c6-46d1-b744-8ecc059e338d,FMR028,angelakilab,2021-07-22T09:22:14.296091
cb686be7-0c90-45d8-b5fa-a56cf155d2df,SH024,angelakilab,2021-07-30T11:24:51.737104
cc317f37-68c0-4641-b8aa-ab251a7d2ce8,SH022,angelakilab,2021-09-01T10:34:40.747713
cf4540f5-07bb-45ab-906a-214d63f0c312,FMR032,angelakilab,2022-01-31T12:45:30.290356
cfbd152d-b9d3-4d02-97fe-f669ee60869d,SH026,angelakilab,2021-12-21T15:21:03.432588
d0df74f6-890c-4371-a8d8-f40f03f546b3,CSP033,angelakilab,2021-12-21T14:17:17.757766
d0e3d76d-9968-4193-8d44-9556cacb50d5,CSP033,angelakilab,2022-01-20T11:30:26.292244
d112410a-dcc9-4a19-a19f-daccdf2a29cb,SH020,angelakilab,2021-07-22T09:20:08.440343
d118e02a-75b2-4d68-84b5-85c17bea0cda,SH026,angelakilab,2022-01-24T11:50:37.538460
d13af58a-1840-46bf-a656-e71fa9220af6,FMR032,angelakilab,2022-02-03T12:22:05.644063
d206b91a-c27b-4851-b145-7dcd7fe7c52f,SH020,angelakilab,2021-07-21T10:03:37.687851
d2b766a1-6f84-4519-8fb4-86085639cc8c,FMR032,angelakilab,2022-02-08T11:47:40.413885
d2d315f5-9ebf-4720-b55b-25fa29d2da91,NYU-58,angelakilab,2021-10-19T13:13:08.071017
d31fa2d4-a69c-414b-94f8-6aec08c33b77,SH025,angelakilab,2021-12-10T14:40:44.357287
d3ad95a2-0268-4ad0-b956-6b3645e8724c,SH023,angelakilab,2021-08-19T12:47:24.144882
d3bdd8cf-fbcd-45b7-af23-bca031393647,NYU-57,angelakilab,2021-09-30T13:33:44.022151
d434ae4a-2bb5-4dc0-8e8a-d7fd2b03268c,SH022,angelakilab,2021-09-15T11:05:56.965159
d54b3daa-8f0f-408c-b5c3-21282c8e45dc,SH022,angelakilab,2021-07-23T11:40:23.882973
d5e887e7-39c0-4763-be2b-043389c1f1b1,NYU-57,angelakilab,2021-10-12T10:02:03.447681
d6b43a0c-94cb-489a-9e37-ff929bf71a2d,SH023,angelakilab,2021-08-17T11:31:22.699502
d6e54d32-c4b3-41b2-84dd-a665f642a474,FMR031,angelakilab,2022-02-23T12:14:20.858254
d8f0192d-6103-462c-b883-03de315379ac,CSP033,angelakilab,2021-12-10T12:24:11.965881
d9f9b34a-9474-43a9-b6b4-7dda6b1d5d9e,FMR032,angelakilab,2022-01-26T13:10:03.432689
da58b942-fa29-4ccb-a45e-767620d865f0,SH026,angelakilab,2022-01-27T09:57:02.229983
da9dc5f2-6cc3-4fcb-ab08-926821d17602,FMR032,angelakilab,2022-02-10T12:19:47.846650
dad0167c-cba8-46a9-8bcf-83c003ead07f,NYU-56,angelakilab,2021-09-27T13:58:20.533961
db6d381d-015f-4903-8482-c18ec0be9a0b,CSP033,angelakilab,2022-01-13T13:51:03.962982
dcb3a36e-30ac-4d6a-adfe-0ab9ce0df93f,FMR030,angelakilab,2022-02-01T12:59:46.529662
dd9ee9ea-8bc7-41b5-8877-d5104b6d6c2c,FMR030,angelakilab,2022-02-07T10:53:10.921884
dde194ff-563a-4fe3-a0fd-721e095f5071,SH024,angelakilab,2021-07-27T10:23:15.046182
de67706b-66ef-4baa-ae83-8e17ed9d6786,SH024,angelakilab,2021-08-19T12:51:55.629775
df77e743-2ed5-4f97-83f4-12051ac6659e,FMR031,angelakilab,2022-02-04T12:23:43.336352
dff44758-19df-4b1c-8366-f7f668be5601,CSP031,angelakilab,2021-12-21T12:29:28.888788
e017ff2c-31c6-40b3-93e8-a90bae65226d,SH026,angelakilab,2022-01-10T13:33:53.852256
e01ab9e8-2a37-4213-9db0-29c31d41a9f1,CSP033,angelakilab,2022-01-19T11:35:00.174282
e0fa8905-25c0-479c-aad0-dd562bd06d01,SH023,angelakilab,2021-08-20T12:28:49.743564
e4488490-9aeb-4e44-b209-5429800c8de2,SH022,angelakilab,2021-09-16T13:34:39.100106
e47f1052-f810-42bf-8591-ee7a4c574877,NYU-57,angelakilab,2021-10-13T09:42:10.814319
e4e0a744-78e9-41f7-acd5-82603e688b70,SH022,angelakilab,2021-08-17T11:34:11.198966
e62ce697-d8b5-4172-af8b-79dd773cfaea,FMR032,angelakilab,2022-02-09T12:48:44.781755
e66515eb-8206-44bb-a7b5-84de51702021,FMR029,angelakilab,2021-07-21T10:10:47.891184
e68d1816-2398-4e3c-8b39-1c4b2f70fd87,SH024,angelakilab,2021-08-20T12:29:11.529105
e9a70dd2-3ba8-42fb-a4d2-8fe1f866ebb1,SH027,angelakilab,2021-12-17T14:58:55.682144
ea468aa1-2af0-4bcf-a177-075cda4deaef,FMR031,angelakilab,2022-02-03T12:20:50.301144
ead7e3a3-acc9-4cb1-8339-36b89413bc07,SH022,angelakilab,2021-08-23T12:06:35.392783
eb15a5a5-5691-41b4-bf0e-3039bb2c7d27,SH027,angelakilab,2022-01-14T13:08:45.892953
eb986fd9-d43f-4ce3-8517-05302ac8fbbe,NYU-56,angelakilab,2021-10-12T10:02:33.255331
ebab5dc8-d8b2-46ee-b7e8-c3b02d689105,CSP031,angelakilab,2021-12-09T13:11:21.225550
ebb3b8bd-cbb8-4cdd-9f5d-92a84f46da07,SH020,angelakilab,2021-07-20T10:13:08.981296
ebc4d8ef-21fe-45da-83ad-82829297ab6a,FMR029,angelakilab,2021-07-20T10:12:02.131496
ec6f3a06-0a72-4d3b-853f-e51e1ea2ab8d,SH027,angelakilab,2022-01-11T12:18:17.006208
ec8b825a-365c-49df-9b45-1af9ce0db120,FMR028,angelakilab,2021-07-26T10:38:57.938292
ee4d871d-93d5-446a-a6e8-f1a561c1ffe4,FMR029,angelakilab,2021-08-10T10:18:28.837539
ee868b0a-df6b-4a0d-ae80-23f35aeede36,NYU-58,angelakilab,2021-10-22T14:01:31.427026
eeb547df-e2f1-4278-b2f1-6c892421a3da,FMR031,angelakilab,2022-02-10T12:17:29.822468
eee25779-db0d-4771-8df6-ea55f67075e1,FMR031,angelakilab,2022-01-25T14:55:44.340477
ef19ca50-8560-42ac-8e81-4a4532577603,SH026,angelakilab,2021-12-14T13:28:51.621692
efb7f7f0-a931-40a9-a9ac-8293a7a16283,FMR028,angelakilab,2021-07-30T10:11:56.463868
f040e7af-66e8-40bb-994f-cc85174e3d7d,SH023,angelakilab,2021-07-30T11:23:35.877212
f055da3c-c9ec-49a0-a845-22c86a66c05d,CSP033,angelakilab,2021-12-20T12:56:39.870820
f10cf409-c684-4a2d-82e3-dcdc8a7a7dc2,FMR031,angelakilab,2022-01-26T13:09:20.781873
f39ee822-663c-48c6-a384-029602755e10,FMR029,angelakilab,2021-08-12T08:52:46.612056
f4a4b959-b14a-4737-9697-fbc483a48f56,NYU-52,angelakilab,2021-07-20T13:27:28.696989
f5fa1461-171d-45cb-a816-4ce80621e4cc,FMR031,angelakilab,2022-02-08T11:46:45.657745
f6c9d57e-4c1b-4326-9dff-4b0518c74e1d,NYU-56,angelakilab,2021-09-29T10:54:40.798588
f7747d6d-baf1-4991-b2d3-2935740ccd26,SH022,angelakilab,2021-08-13T11:11:46.831045
f7a54eb3-f141-4ea8-a535-fc5099dab08a,SH025,angelakilab,2022-01-13T13:51:56.792967
f8ab6de5-bac0-4baf-bbb4-886da1a4206f,FMR030,angelakilab,2022-03-01T10:47:19.057637
f9740403-008d-4173-b6a0-77190c10951d,SH023,angelakilab,2021-07-28T11:21:59.738259
f994773f-fe4a-4278-ba15-1b8e37c20a75,FMR032,angelakilab,2022-01-27T13:07:56.684874
fa1e10e5-abdc-48e9-afe6-848366de5712,SH022,angelakilab,2021-09-08T13:27:15.127455
fa2735bf-fb4d-4dad-9630-c71655e37414,SH027,angelakilab,2021-12-09T13:09:12.749898
faecbc8c-0b7f-4105-9627-1b9aa59c0e5d,FMR028,angelakilab,2021-07-21T10:04:59.910865
fbace52e-33cb-4068-a1cc-5b8bdb6a23f3,SH027,angelakilab,2022-01-20T12:34:36.995958
fbb300c9-7148-4f3d-ab06-45cee415400c,SH022,angelakilab,2021-07-27T10:21:16.384043
fc3e5c9f-0982-46f0-9781-81edb9912111,SH026,angelakilab,2021-12-17T14:56:36.414062
fc87b9dd-b5c2-4569-8867-f40287c97129,FMR032,angelakilab,2022-02-02T13:00:56.961576
fdf888d8-0e48-421f-8e98-7c177c71f99d,FMR032,angelakilab,2022-01-28T13:49:15.526485
